{"cameraMode":{"drawMode":0,"name":"Shaded","section":"Shading Mode"},"sceneLighting":false,"audioPlay":false,"sceneViewState":{"m_AlwaysRefresh":false,"showFog":true,"showSkybox":false,"showFlares":true,"showImageEffects":true,"showParticleSystems":true,"showVisualEffectGraphs":true,"m_FxEnabled":true},"in2DMode":false,"pivot":{"x":201.1999969482422,"y":60.30000686645508,"z":180.10000610351563},"rotation":{"x":-0.24599428474903108,"y":-0.08122391253709793,"z":0.019826369360089303,"w":-0.9658795595169067},"size":6.479056358337402,"orthographic":false}