{"cameraMode":{"drawMode":0,"name":"Shaded","section":"Shading Mode"},"sceneLighting":false,"audioPlay":false,"sceneViewState":{"m_AlwaysRefresh":false,"showFog":true,"showSkybox":false,"showFlares":true,"showImageEffects":true,"showParticleSystems":true,"showVisualEffectGraphs":true,"m_FxEnabled":true},"in2DMode":false,"pivot":{"x":187.6999969482422,"y":60.30000686645508,"z":177.6999969482422},"rotation":{"x":0.3680211901664734,"y":-0.006083938293159008,"z":0.0033995581325143577,"w":0.9300169944763184},"size":6.392465591430664,"orthographic":false}