{"cameraMode":{"drawMode":0,"name":"Shaded","section":"Shading Mode"},"sceneLighting":true,"audioPlay":false,"sceneViewState":{"m_AlwaysRefresh":false,"showFog":true,"showSkybox":true,"showFlares":true,"showImageEffects":true,"showParticleSystems":true,"showVisualEffectGraphs":true,"m_FxEnabled":true},"in2DMode":false,"pivot":{"x":-99.67518615722656,"y":-28.329696655273439,"z":98.27645111083985},"rotation":{"x":-0.30415886640548708,"y":-0.03799916058778763,"z":0.012143170461058617,"w":-0.9517858624458313},"size":21.178836822509767,"orthographic":false}