{"cameraMode":{"drawMode":0,"name":"Shaded","section":"Shading Mode"},"sceneLighting":false,"audioPlay":false,"sceneViewState":{"m_AlwaysRefresh":false,"showFog":true,"showSkybox":false,"showFlares":true,"showImageEffects":true,"showParticleSystems":true,"showVisualEffectGraphs":true,"m_FxEnabled":true},"in2DMode":false,"pivot":{"x":270.9383239746094,"y":-170.78245544433595,"z":192.34503173828126},"rotation":{"x":-0.5131694674491882,"y":0.008791247382760048,"z":-0.0057250019162893299,"w":-0.8584133386611939},"size":129.015869140625,"orthographic":false}