{"cameraMode":{"drawMode":0,"name":"Shaded","section":"Shading Mode"},"sceneLighting":false,"audioPlay":false,"sceneViewState":{"m_AlwaysRefresh":false,"showFog":true,"showSkybox":false,"showFlares":true,"showImageEffects":true,"showParticleSystems":true,"showVisualEffectGraphs":true,"m_FxEnabled":true},"in2DMode":false,"pivot":{"x":164.72283935546876,"y":60.19182205200195,"z":183.23712158203126},"rotation":{"x":0.005352392792701721,"y":-0.9894733428955078,"z":0.1392873376607895,"w":0.04406600445508957},"size":4.663381576538086,"orthographic":false}